D;Var;rep;P;Prow;Pnr;row;pl;inpl;Ex;alaph;aph;aphtot;nas;macr;cat;wf;syr;ori;coc
20.06.2018;PEG;N;1;1;0;1;1;0;0;0;0;0;0;0;0;0;0;0;0
20.06.2018;PEG;N;1;1;0;1;5;0;0;0;0;0;0;0;0;0;0;0;1
20.06.2018;PEG;N;1;1;0;1;10;0;0;0;0;0;0;0;0;0;0;0;0
20.06.2018;PEG;N;1;1;0;1;15;0;0;1;1;2;2;0;0;0;0;0;0
20.06.2018;PEG;N;1;1;0;1;20;0;0;0;0;0;0;0;0;0;0;0;0
20.06.2018;PEG;N;1;1;0;4;1;0;0;1;1;2;2;0;0;0;1;0;0
20.06.2018;PEG;N;1;1;0;4;5;1;0;0;1;1;1;0;0;0;1;0;0
20.06.2018;PEG;N;1;1;0;4;10;1;0;0;0;0;0;0;0;0;0;0;0
20.06.2018;PEG;N;1;1;0;4;15;1;0;0;0;0;0;0;0;0;0;0;0
20.06.2018;PEG;N;1;1;0;4;20;0;0;0;0;0;0;0;0;0;0;0;2
20.06.2018;PEG;N;1;1;0;5;1;0;0;0;0;0;0;0;0;0;0;0;0
20.06.2018;PEG;N;1;1;0;5;5;1;0;0;1;1;1;0;0;0;0;0;0
20.06.2018;PEG;N;1;1;0;5;10;1;1;0;0;0;0;0;0;0;0;0;0
20.06.2018;PEG;N;1;1;0;5;15;1;0;0;0;0;0;0;0;0;0;0;0
20.06.2018;PEG;N;1;1;0;5;20;0;0;1;1;2;2;0;0;0;0;0;0
20.06.2018;PEG;N;1;1;0;8;1;0;0;1;1;2;2;0;0;0;0;0;0
20.06.2018;PEG;N;1;1;0;8;5;1;0;0;0;0;0;0;0;0;0;0;0
20.06.2018;PEG;N;1;1;0;8;10;1;0;0;0;0;0;0;0;0;0;1;0
20.06.2018;PEG;N;1;1;0;8;15;1;0;0;0;0;0;0;0;0;0;0;0
20.06.2018;PEG;N;1;1;0;8;20;0;0;0;1;1;1;0;0;0;0;0;0
20.06.2018;PEG;N;1;1;0;9;1;0;1;0;1;1;1;0;0;0;0;0;0
20.06.2018;PEG;N;1;1;0;9;5;1;1;0;0;0;0;0;0;0;0;0;0
20.06.2018;PEG;N;1;1;0;9;10;1;0;0;0;0;0;0;0;0;0;0;0
20.06.2018;PEG;N;1;1;0;9;15;1;0;0;1;1;1;0;0;0;0;0;0
20.06.2018;PEG;N;1;1;0;9;20;0;1;0;0;0;0;0;0;0;0;0;0
20.06.2018;PEG;N;1;1;0;12;1;0;1;0;1;1;1;0;0;0;0;0;0
20.06.2018;PEG;N;1;1;0;12;5;0;0;0;0;0;0;0;0;0;0;0;0
20.06.2018;PEG;N;1;1;0;12;10;0;0;0;0;0;0;0;0;0;0;0;0
20.06.2018;PEG;N;1;1;0;12;15;0;0;0;0;0;0;0;0;0;0;0;0
20.06.2018;PEG;N;1;1;0;12;20;0;0;0;0;0;0;0;0;0;0;0;0
20.06.2018;SFG;N;2;1;1;1;1;0;0;0;0;0;0;0;0;0;1;0;0
20.06.2018;SFG;N;2;1;1;1;5;0;0;0;0;0;0;0;0;0;0;0;0
20.06.2018;SFG;N;2;1;1;1;10;0;0;0;0;0;0;0;0;0;0;0;0
20.06.2018;SFG;N;2;1;1;1;15;0;0;0;1;1;1;0;0;0;0;0;0
20.06.2018;SFG;N;2;1;1;1;20;0;0;0;0;0;0;0;0;0;0;1;1
20.06.2018;SFG;N;2;1;1;4;1;0;0;0;0;0;0;0;0;0;0;1;0
20.06.2018;SFG;N;2;1;1;4;5;1;0;0;0;0;0;0;0;0;0;1;1
20.06.2018;SFG;N;2;1;1;4;10;1;0;0;0;0;0;0;0;0;0;0;0
20.06.2018;SFG;N;2;1;1;4;15;1;0;0;0;0;0;0;0;0;0;0;0
20.06.2018;SFG;N;2;1;1;4;20;0;0;1;1;2;2;0;0;0;0;0;0
20.06.2018;SFG;N;2;1;1;5;1;0;0;0;1;1;1;0;0;0;1;0;0
20.06.2018;SFG;N;2;1;1;5;5;1;0;0;0;0;0;0;0;0;0;0;0
20.06.2018;SFG;N;2;1;1;5;10;1;0;0;0;0;0;0;0;0;0;0;0
20.06.2018;SFG;N;2;1;1;5;15;1;0;0;0;0;0;0;0;0;1;0;0
20.06.2018;SFG;N;2;1;1;5;20;0;0;0;0;0;0;0;0;0;0;0;0
20.06.2018;SFG;N;2;1;1;8;1;0;1;0;1;1;1;0;0;0;0;1;0
20.06.2018;SFG;N;2;1;1;8;5;1;0;0;0;0;0;0;0;0;0;0;0
20.06.2018;SFG;N;2;1;1;8;10;1;0;0;1;1;1;0;0;0;0;1;1
20.06.2018;SFG;N;2;1;1;8;15;1;0;0;0;0;0;0;0;0;1;0;0
20.06.2018;SFG;N;2;1;1;8;20;0;0;0;0;0;0;0;0;0;0;0;0
20.06.2018;SFG;N;2;1;1;9;1;0;0;0;0;0;0;0;0;0;0;0;0
20.06.2018;SFG;N;2;1;1;9;5;1;0;0;0;0;0;0;0;0;0;0;0
20.06.2018;SFG;N;2;1;1;9;10;1;0;0;0;0;0;0;0;0;0;0;0
20.06.2018;SFG;N;2;1;1;9;15;1;0;0;0;0;0;0;0;0;0;0;0
20.06.2018;SFG;N;2;1;1;9;20;0;0;0;1;1;1;0;0;0;0;0;0
20.06.2018;SFG;N;2;1;1;12;1;0;0;0;0;0;0;0;0;0;0;0;1
20.06.2018;SFG;N;2;1;1;12;5;0;0;0;0;0;0;0;0;0;0;0;0
20.06.2018;SFG;N;2;1;1;12;10;0;0;0;0;0;0;0;0;0;0;0;1
20.06.2018;SFG;N;2;1;1;12;15;0;0;0;0;0;0;0;0;0;0;0;0
20.06.2018;SFG;N;2;1;1;12;20;0;0;0;0;0;0;0;0;0;0;0;1
20.06.2018;PEB;N;3;2;1;1;1;0;0;0;0;0;0;0;0;0;0;0;0
20.06.2018;PEB;N;3;2;1;1;5;0;0;0;0;0;0;0;0;0;1;0;0
20.06.2018;PEB;N;3;2;1;1;10;0;0;0;0;0;0;0;0;0;0;0;0
20.06.2018;PEB;N;3;2;1;1;15;0;0;0;0;0;0;0;0;0;1;0;0
20.06.2018;PEB;N;3;2;1;1;20;0;0;0;0;0;0;0;0;0;0;0;0
20.06.2018;PEB;N;3;2;1;4;1;0;0;0;0;0;0;0;0;0;1;0;0
20.06.2018;PEB;N;3;2;1;4;5;1;0;0;0;0;0;0;0;0;1;0;0
20.06.2018;PEB;N;3;2;1;4;10;1;0;0;0;0;0;0;0;0;0;0;0
20.06.2018;PEB;N;3;2;1;4;15;1;0;0;0;0;0;0;0;0;0;0;0
20.06.2018;PEB;N;3;2;1;4;20;0;0;0;0;0;0;0;0;0;0;0;0
20.06.2018;PEB;N;3;2;1;5;1;0;0;0;1;1;1;0;0;0;0;0;0
20.06.2018;PEB;N;3;2;1;5;5;1;0;0;0;0;0;0;0;0;0;0;0
20.06.2018;PEB;N;3;2;1;5;10;1;0;0;0;0;0;0;0;0;0;0;0
20.06.2018;PEB;N;3;2;1;5;15;1;0;0;0;0;0;0;0;0;0;0;0
20.06.2018;PEB;N;3;2;1;5;20;0;0;0;1;1;1;0;0;0;0;0;0
20.06.2018;PEB;N;3;2;1;8;1;0;0;0;0;0;0;0;0;0;0;0;0
20.06.2018;PEB;N;3;2;1;8;5;1;0;0;0;0;0;0;0;0;0;0;0
20.06.2018;PEB;N;3;2;1;8;10;1;0;0;0;0;0;0;0;0;0;0;0
20.06.2018;PEB;N;3;2;1;8;15;1;1;0;0;0;0;0;0;0;0;0;0
20.06.2018;PEB;N;3;2;1;8;20;0;0;0;0;0;0;0;0;0;0;0;0
20.06.2018;PEB;N;3;2;1;9;1;0;0;0;1;1;1;0;0;0;0;0;0
20.06.2018;PEB;N;3;2;1;9;5;1;0;0;0;0;0;0;0;0;0;0;0
20.06.2018;PEB;N;3;2;1;9;10;1;0;0;0;0;0;0;0;0;0;0;0
20.06.2018;PEB;N;3;2;1;9;15;1;0;0;0;0;0;0;0;0;0;0;0
20.06.2018;PEB;N;3;2;1;9;20;0;0;0;0;0;0;0;0;0;0;0;0
20.06.2018;PEB;N;3;2;1;12;1;0;0;0;0;0;0;0;0;0;0;0;0
20.06.2018;PEB;N;3;2;1;12;5;0;0;0;0;0;0;0;0;0;0;0;0
20.06.2018;PEB;N;3;2;1;12;10;0;0;0;0;0;0;0;0;0;0;0;0
20.06.2018;PEB;N;3;2;1;12;15;0;1;0;0;0;0;0;0;0;0;0;0
20.06.2018;PEB;N;3;2;1;12;20;0;0;0;0;0;0;0;0;0;0;1;0
20.06.2018;SFB;N;4;1;2;1;1;0;0;0;0;0;0;0;0;0;0;0;0
20.06.2018;SFB;N;4;1;2;1;5;0;0;0;0;0;0;0;0;0;0;0;0
20.06.2018;SFB;N;4;1;2;1;10;0;0;0;0;0;0;0;0;0;0;0;0
20.06.2018;SFB;N;4;1;2;1;15;0;0;0;0;0;0;0;0;0;0;0;0
20.06.2018;SFB;N;4;1;2;1;20;0;0;0;0;0;0;0;0;0;0;0;0
20.06.2018;SFB;N;4;1;2;4;1;0;0;0;0;0;0;0;0;0;0;0;0
20.06.2018;SFB;N;4;1;2;4;5;1;0;0;0;0;0;0;0;0;0;0;0
20.06.2018;SFB;N;4;1;2;4;10;1;0;0;0;0;0;0;0;0;0;0;0
20.06.2018;SFB;N;4;1;2;4;15;1;0;0;0;0;0;0;0;0;0;0;0
20.06.2018;SFB;N;4;1;2;4;20;0;0;0;0;0;0;0;0;0;0;0;0
20.06.2018;SFB;N;4;1;2;5;1;0;0;0;0;0;0;0;0;0;0;0;0
20.06.2018;SFB;N;4;1;2;5;5;1;0;0;1;1;1;0;0;0;0;0;0
20.06.2018;SFB;N;4;1;2;5;10;1;0;0;0;0;0;0;0;0;0;0;0
20.06.2018;SFB;N;4;1;2;5;15;1;0;0;0;0;0;0;0;0;0;0;0
20.06.2018;SFB;N;4;1;2;5;20;0;0;0;0;0;0;0;0;0;0;0;0
20.06.2018;SFB;N;4;1;2;8;1;0;0;0;1;1;1;0;0;0;0;0;0
20.06.2018;SFB;N;4;1;2;8;5;1;0;0;0;0;0;0;0;0;0;0;0
20.06.2018;SFB;N;4;1;2;8;10;1;0;0;1;1;1;0;0;0;0;0;0
20.06.2018;SFB;N;4;1;2;8;15;1;0;0;0;0;0;0;0;0;0;0;0
20.06.2018;SFB;N;4;1;2;8;20;0;0;0;0;0;0;0;0;0;0;0;0
20.06.2018;SFB;N;4;1;2;9;1;0;0;0;0;0;0;0;0;0;0;0;0
20.06.2018;SFB;N;4;1;2;9;5;1;0;0;0;0;0;0;0;0;0;0;0
20.06.2018;SFB;N;4;1;2;9;10;1;0;0;0;0;0;0;0;0;0;0;0
20.06.2018;SFB;N;4;1;2;9;15;1;0;0;0;0;0;0;0;0;0;0;0
20.06.2018;SFB;N;4;1;2;9;20;0;0;0;0;0;0;0;0;0;0;0;0
20.06.2018;SFB;N;4;1;2;12;1;0;0;0;0;0;0;0;0;0;0;1;0
20.06.2018;SFB;N;4;1;2;12;5;0;0;0;0;0;0;0;0;0;0;1;0
20.06.2018;SFB;N;4;1;2;12;10;0;0;0;0;0;0;0;0;0;0;0;0
20.06.2018;SFB;N;4;1;2;12;15;0;0;0;0;0;0;0;0;0;0;0;0
20.06.2018;SFB;N;4;1;2;12;20;0;0;0;0;0;0;0;1;0;0;0;0
20.06.2018;NF;N;5;2;2;1;1;0;0;0;0;0;0;0;0;0;0;0;0
20.06.2018;NF;N;5;2;2;1;5;0;0;0;0;0;0;0;0;0;0;0;0
20.06.2018;NF;N;5;2;2;1;10;0;1;0;0;0;0;0;0;0;1;0;0
20.06.2018;NF;N;5;2;2;1;15;0;1;0;0;0;0;0;0;0;1;0;0
20.06.2018;NF;N;5;2;2;1;20;0;1;0;1;1;1;0;0;0;0;0;0
20.06.2018;NF;N;5;2;2;4;1;0;0;0;0;0;0;0;0;0;0;1;0
20.06.2018;NF;N;5;2;2;4;5;1;0;0;0;0;0;0;0;0;0;1;1
20.06.2018;NF;N;5;2;2;4;10;1;0;0;1;1;1;0;0;0;0;0;0
20.06.2018;NF;N;5;2;2;4;15;1;0;0;0;0;0;0;0;0;0;0;1
20.06.2018;NF;N;5;2;2;4;20;0;0;0;0;0;0;0;0;0;1;0;0
20.06.2018;NF;N;5;2;2;5;1;0;0;0;1;1;1;0;0;0;0;0;0
20.06.2018;NF;N;5;2;2;5;5;1;0;0;0;0;0;0;0;0;0;0;0
20.06.2018;NF;N;5;2;2;5;10;1;0;0;0;0;0;0;0;0;0;0;0
20.06.2018;NF;N;5;2;2;5;15;1;0;0;0;0;0;0;0;0;0;0;0
20.06.2018;NF;N;5;2;2;5;20;0;0;0;1;1;1;0;0;0;0;0;0
20.06.2018;NF;N;5;2;2;8;1;0;0;0;0;0;0;0;0;0;0;0;0
20.06.2018;NF;N;5;2;2;8;5;1;0;0;0;0;0;0;0;0;0;0;0
20.06.2018;NF;N;5;2;2;8;10;1;0;0;0;0;0;0;0;0;0;0;0
20.06.2018;NF;N;5;2;2;8;15;1;0;0;0;0;0;0;0;0;0;0;0
20.06.2018;NF;N;5;2;2;8;20;0;1;1;1;2;2;0;0;0;0;0;0
20.06.2018;NF;N;5;2;2;9;1;0;0;0;0;0;0;0;0;0;0;0;0
20.06.2018;NF;N;5;2;2;9;5;1;0;0;0;0;0;0;0;0;0;0;0
20.06.2018;NF;N;5;2;2;9;10;1;1;0;0;0;0;0;0;0;0;0;0
20.06.2018;NF;N;5;2;2;9;15;1;1;0;0;0;0;0;0;0;0;0;1
20.06.2018;NF;N;5;2;2;9;20;0;0;0;0;0;0;0;0;0;0;0;0
20.06.2018;NF;N;5;2;2;12;1;0;0;0;0;0;0;0;0;0;0;0;0
20.06.2018;NF;N;5;2;2;12;5;0;0;0;0;0;0;0;0;0;0;0;0
20.06.2018;NF;N;5;2;2;12;10;0;0;0;0;0;0;0;0;0;0;0;0
20.06.2018;NF;N;5;2;2;12;15;0;0;0;1;1;1;0;0;0;0;0;0
20.06.2018;NF;N;5;2;2;12;20;0;0;0;1;1;1;0;0;0;0;0;0
20.06.2018;SFB;M;6;2;4;1;1;0;0;0;0;0;0;0;0;0;0;0;0
20.06.2018;SFB;M;6;2;4;1;5;0;0;0;1;1;1;0;0;0;0;0;0
20.06.2018;SFB;M;6;2;4;1;10;0;0;0;0;0;0;0;0;0;0;0;0
20.06.2018;SFB;M;6;2;4;1;15;0;0;0;0;0;0;0;0;0;0;0;0
20.06.2018;SFB;M;6;2;4;1;20;0;0;0;0;0;0;0;0;0;0;0;0
20.06.2018;SFB;M;6;2;4;4;1;0;0;0;0;0;0;0;0;0;0;0;0
20.06.2018;SFB;M;6;2;4;4;5;1;0;0;0;0;0;0;0;0;0;0;0
20.06.2018;SFB;M;6;2;4;4;10;1;0;0;0;0;0;0;0;0;0;0;0
20.06.2018;SFB;M;6;2;4;4;15;1;0;0;0;0;0;0;0;0;0;0;0
20.06.2018;SFB;M;6;2;4;4;20;0;0;0;1;1;1;0;0;0;0;0;0
20.06.2018;SFB;M;6;2;4;5;1;0;0;0;0;0;0;0;0;0;0;0;0
20.06.2018;SFB;M;6;2;4;5;5;1;0;0;0;0;0;0;0;0;0;0;0
20.06.2018;SFB;M;6;2;4;5;10;1;0;0;0;0;0;0;0;0;0;0;0
20.06.2018;SFB;M;6;2;4;5;15;1;0;0;0;0;0;0;0;0;0;0;0
20.06.2018;SFB;M;6;2;4;5;20;0;0;0;1;1;1;0;0;0;0;0;0
20.06.2018;SFB;M;6;2;4;8;1;0;0;0;1;1;1;0;0;0;0;0;0
20.06.2018;SFB;M;6;2;4;8;5;1;0;0;0;0;0;0;0;0;0;0;0
20.06.2018;SFB;M;6;2;4;8;10;1;0;0;0;0;0;0;0;0;0;0;0
20.06.2018;SFB;M;6;2;4;8;15;1;0;0;0;0;0;0;0;0;0;0;0
20.06.2018;SFB;M;6;2;4;8;20;0;0;0;0;0;0;0;0;0;0;0;0
20.06.2018;SFB;M;6;2;4;9;1;0;0;0;0;0;0;0;0;0;0;0;0
20.06.2018;SFB;M;6;2;4;9;5;1;0;0;0;0;0;0;0;0;0;0;0
20.06.2018;SFB;M;6;2;4;9;10;1;0;0;0;0;0;0;0;0;0;0;0
20.06.2018;SFB;M;6;2;4;9;15;1;0;0;0;0;0;0;0;0;0;0;0
20.06.2018;SFB;M;6;2;4;9;20;0;0;0;0;0;0;0;0;0;0;0;0
20.06.2018;SFB;M;6;2;4;12;1;0;0;0;1;1;1;0;0;0;0;0;0
20.06.2018;SFB;M;6;2;4;12;5;0;0;0;0;0;0;0;0;0;0;0;0
20.06.2018;SFB;M;6;2;4;12;10;0;0;0;0;0;0;0;0;0;0;0;0
20.06.2018;SFB;M;6;2;4;12;15;0;0;0;0;0;0;0;0;0;0;0;0
20.06.2018;SFB;M;6;2;4;12;20;0;0;0;0;0;0;0;0;0;0;0;0
20.06.2018;PEB;M;7;1;3;1;1;0;0;0;0;0;0;0;0;0;0;0;0
20.06.2018;PEB;M;7;1;3;1;5;0;0;0;0;0;0;0;0;0;0;0;0
20.06.2018;PEB;M;7;1;3;1;10;0;0;0;0;0;0;0;0;0;0;0;0
20.06.2018;PEB;M;7;1;3;1;15;0;1;0;1;1;1;0;0;0;0;0;0
20.06.2018;PEB;M;7;1;3;1;20;0;1;0;0;0;0;0;0;0;0;0;0
20.06.2018;PEB;M;7;1;3;4;1;0;0;0;1;1;1;0;0;0;1;0;0
20.06.2018;PEB;M;7;1;3;4;5;1;0;0;0;0;0;0;0;0;0;1;0
20.06.2018;PEB;M;7;1;3;4;10;1;0;0;0;0;0;0;0;0;0;0;0
20.06.2018;PEB;M;7;1;3;4;15;1;0;0;0;0;0;0;0;0;0;0;0
20.06.2018;PEB;M;7;1;3;4;20;0;0;0;0;0;0;0;0;0;0;1;1
20.06.2018;PEB;M;7;1;3;5;1;0;0;3;1;4;4;0;0;0;0;0;0
20.06.2018;PEB;M;7;1;3;5;5;1;0;0;1;1;1;0;0;0;0;0;0
20.06.2018;PEB;M;7;1;3;5;10;1;0;0;0;0;0;0;1;0;0;0;0
20.06.2018;PEB;M;7;1;3;5;15;1;0;0;0;0;0;0;0;0;0;0;0
20.06.2018;PEB;M;7;1;3;5;20;0;0;0;0;0;0;0;0;0;0;0;0
20.06.2018;PEB;M;7;1;3;8;1;0;0;0;0;0;0;0;0;0;0;0;0
20.06.2018;PEB;M;7;1;3;8;5;1;0;1;1;2;2;0;0;0;0;0;0
20.06.2018;PEB;M;7;1;3;8;10;1;0;0;1;1;1;0;0;0;0;0;0
20.06.2018;PEB;M;7;1;3;8;15;1;0;0;0;0;0;0;0;0;0;0;0
20.06.2018;PEB;M;7;1;3;8;20;0;0;0;1;1;1;0;0;0;0;0;0
20.06.2018;PEB;M;7;1;3;9;1;0;0;0;0;0;0;0;0;0;0;0;0
20.06.2018;PEB;M;7;1;3;9;5;1;0;1;1;2;2;0;0;0;0;0;0
20.06.2018;PEB;M;7;1;3;9;10;1;0;0;0;0;0;0;0;0;0;0;0
20.06.2018;PEB;M;7;1;3;9;15;1;0;0;0;0;0;0;0;0;0;0;0
20.06.2018;PEB;M;7;1;3;9;20;0;0;0;0;0;0;0;0;0;0;1;0
20.06.2018;PEB;M;7;1;3;12;1;0;0;0;0;0;0;0;0;0;0;0;0
20.06.2018;PEB;M;7;1;3;12;5;0;0;0;0;0;0;0;0;0;0;0;0
20.06.2018;PEB;M;7;1;3;12;10;0;0;0;0;0;0;0;0;0;0;0;0
20.06.2018;PEB;M;7;1;3;12;15;0;0;0;0;0;0;0;0;0;0;0;0
20.06.2018;PEB;M;7;1;3;12;20;0;0;0;0;0;0;0;0;0;0;0;0
20.06.2018;NF;M;8;1;4;1;1;0;1;0;1;1;1;0;0;0;0;0;0
20.06.2018;NF;M;8;1;4;1;5;0;1;0;1;1;1;0;0;0;0;0;0
20.06.2018;NF;M;8;1;4;1;10;0;1;0;0;0;0;0;0;0;0;0;0
20.06.2018;NF;M;8;1;4;1;15;0;0;0;0;0;0;0;0;0;0;0;0
20.06.2018;NF;M;8;1;4;1;20;0;0;0;1;1;1;0;0;0;0;0;1
20.06.2018;NF;M;8;1;4;4;1;0;1;0;0;0;0;0;0;0;0;1;0
20.06.2018;NF;M;8;1;4;4;5;1;1;0;0;0;0;0;0;0;1;0;0
20.06.2018;NF;M;8;1;4;4;10;1;0;0;0;0;0;0;0;0;0;0;0
20.06.2018;NF;M;8;1;4;4;15;1;0;0;0;0;0;0;0;0;1;0;0
20.06.2018;NF;M;8;1;4;4;20;0;1;0;0;0;0;0;0;0;1;0;0
20.06.2018;NF;M;8;1;4;5;1;0;0;0;0;0;0;0;0;0;0;0;1
20.06.2018;NF;M;8;1;4;5;5;1;1;0;0;0;0;0;0;0;0;0;0
20.06.2018;NF;M;8;1;4;5;10;1;0;0;1;1;1;0;0;0;0;0;0
20.06.2018;NF;M;8;1;4;5;15;1;0;0;1;1;1;0;0;0;0;0;0
20.06.2018;NF;M;8;1;4;5;20;0;1;0;1;1;1;0;0;0;0;0;0
20.06.2018;NF;M;8;1;4;8;1;0;0;0;0;0;0;0;0;0;0;0;0
20.06.2018;NF;M;8;1;4;8;5;1;1;0;0;0;0;0;0;0;0;0;0
20.06.2018;NF;M;8;1;4;8;10;1;0;0;0;0;0;0;0;0;0;0;1
20.06.2018;NF;M;8;1;4;8;15;1;1;0;1;1;1;0;0;0;0;0;0
20.06.2018;NF;M;8;1;4;8;20;0;0;0;0;0;0;0;0;0;0;0;0
20.06.2018;NF;M;8;1;4;9;1;0;1;0;0;0;0;0;0;0;0;0;0
20.06.2018;NF;M;8;1;4;9;5;1;1;0;1;1;1;0;0;0;0;0;0
20.06.2018;NF;M;8;1;4;9;10;1;1;0;0;0;0;0;0;0;0;1;0
20.06.2018;NF;M;8;1;4;9;15;1;0;1;1;2;2;0;0;0;0;0;0
20.06.2018;NF;M;8;1;4;9;20;0;1;0;1;1;1;0;0;0;0;0;0
20.06.2018;NF;M;8;1;4;12;1;0;0;0;1;1;1;0;0;0;0;0;0
20.06.2018;NF;M;8;1;4;12;5;0;1;0;1;1;1;0;0;0;0;1;0
20.06.2018;NF;M;8;1;4;12;10;0;1;0;0;0;0;0;0;0;0;0;0
20.06.2018;NF;M;8;1;4;12;15;0;1;1;0;1;1;0;0;0;0;0;0
20.06.2018;NF;M;8;1;4;12;20;0;0;0;1;1;1;0;0;0;0;0;0
20.06.2018;PEG;M;9;1;5;1;1;0;0;0;1;1;1;0;0;0;1;0;0
20.06.2018;PEG;M;9;1;5;1;5;0;1;0;1;1;1;0;0;0;0;0;0
20.06.2018;PEG;M;9;1;5;1;10;0;0;0;1;1;1;0;0;0;1;0;0
20.06.2018;PEG;M;9;1;5;1;15;0;1;0;1;1;1;0;0;0;0;0;0
20.06.2018;PEG;M;9;1;5;1;20;0;0;0;1;1;1;0;0;0;0;0;0
20.06.2018;PEG;M;9;1;5;4;1;0;0;0;1;1;1;0;0;0;0;0;0
20.06.2018;PEG;M;9;1;5;4;5;1;0;0;1;1;1;0;0;0;0;0;0
20.06.2018;PEG;M;9;1;5;4;10;1;1;0;1;1;1;0;0;0;0;0;0
20.06.2018;PEG;M;9;1;5;4;15;1;1;0;1;1;1;0;0;0;0;0;0
20.06.2018;PEG;M;9;1;5;4;20;0;1;0;1;1;1;0;0;0;0;0;0
20.06.2018;PEG;M;9;1;5;5;1;0;1;0;1;1;1;0;0;0;0;1;0
20.06.2018;PEG;M;9;1;5;5;5;1;0;0;0;0;0;0;0;0;0;0;0
20.06.2018;PEG;M;9;1;5;5;10;1;1;0;0;0;0;0;0;0;0;0;0
20.06.2018;PEG;M;9;1;5;5;15;1;0;0;0;0;0;0;0;0;0;0;0
20.06.2018;PEG;M;9;1;5;5;20;0;1;0;1;1;1;0;0;0;0;1;0
20.06.2018;PEG;M;9;1;5;8;1;0;0;0;0;0;0;0;0;0;0;0;0
20.06.2018;PEG;M;9;1;5;8;5;1;0;0;0;0;0;0;0;0;0;0;0
20.06.2018;PEG;M;9;1;5;8;10;1;1;0;1;1;1;0;0;0;0;0;0
20.06.2018;PEG;M;9;1;5;8;15;1;0;0;0;0;0;0;0;0;0;0;0
20.06.2018;PEG;M;9;1;5;8;20;0;0;0;0;0;0;0;1;0;0;0;0
20.06.2018;PEG;M;9;1;5;9;1;0;0;0;0;0;0;0;0;0;0;0;0
20.06.2018;PEG;M;9;1;5;9;5;1;1;0;1;1;1;0;0;0;1;0;0
20.06.2018;PEG;M;9;1;5;9;10;1;0;0;0;0;0;0;0;0;0;0;0
20.06.2018;PEG;M;9;1;5;9;15;1;1;0;1;1;1;0;0;0;0;0;0
20.06.2018;PEG;M;9;1;5;9;20;0;1;0;1;1;1;0;0;0;1;0;0
20.06.2018;PEG;M;9;1;5;12;1;0;0;0;1;1;1;0;0;0;0;0;0
20.06.2018;PEG;M;9;1;5;12;5;0;1;0;0;0;0;0;0;0;0;0;0
20.06.2018;PEG;M;9;1;5;12;10;0;1;0;1;1;1;0;0;0;1;1;0
20.06.2018;PEG;M;9;1;5;12;15;0;0;0;1;1;1;0;0;0;0;0;0
20.06.2018;PEG;M;9;1;5;12;20;0;0;0;1;1;1;0;0;0;0;1;0
20.06.2018;SFG;S;10;1;6;1;1;0;0;0;1;1;1;0;0;0;0;0;0
20.06.2018;SFG;S;10;1;6;1;5;0;0;0;0;0;0;0;0;0;0;0;0
20.06.2018;SFG;S;10;1;6;1;10;0;0;0;0;0;0;0;0;0;0;0;0
20.06.2018;SFG;S;10;1;6;1;15;0;0;0;0;0;0;0;0;0;0;0;0
20.06.2018;SFG;S;10;1;6;1;20;0;0;0;0;0;0;0;0;0;0;0;0
20.06.2018;SFG;S;10;1;6;4;1;0;0;0;0;0;0;0;0;0;0;0;0
20.06.2018;SFG;S;10;1;6;4;5;1;0;0;0;0;0;0;0;0;0;0;0
20.06.2018;SFG;S;10;1;6;4;10;1;0;0;0;0;0;0;0;0;0;0;0
20.06.2018;SFG;S;10;1;6;4;15;1;0;0;1;1;1;0;0;0;0;0;0
20.06.2018;SFG;S;10;1;6;4;20;0;0;0;0;0;0;0;0;0;0;0;0
20.06.2018;SFG;S;10;1;6;5;1;0;0;0;0;0;0;0;0;0;0;0;0
20.06.2018;SFG;S;10;1;6;5;5;1;0;0;0;0;0;0;0;0;0;0;0
20.06.2018;SFG;S;10;1;6;5;10;1;0;0;0;0;0;0;0;0;0;0;0
20.06.2018;SFG;S;10;1;6;5;15;1;0;0;0;0;0;0;0;0;0;0;0
20.06.2018;SFG;S;10;1;6;5;20;0;0;0;0;0;0;0;0;0;0;0;0
20.06.2018;SFG;S;10;1;6;8;1;0;0;0;0;0;0;0;0;0;0;0;0
20.06.2018;SFG;S;10;1;6;8;5;1;0;0;0;0;0;0;0;0;0;0;0
20.06.2018;SFG;S;10;1;6;8;10;1;0;0;0;0;0;0;0;0;0;0;0
20.06.2018;SFG;S;10;1;6;8;15;1;0;0;0;0;0;0;0;0;0;0;0
20.06.2018;SFG;S;10;1;6;8;20;0;0;0;0;0;0;0;0;0;0;0;0
20.06.2018;SFG;S;10;1;6;9;1;0;0;0;0;0;0;0;0;0;0;0;0
20.06.2018;SFG;S;10;1;6;9;5;1;0;0;0;0;0;0;0;0;0;0;0
20.06.2018;SFG;S;10;1;6;9;10;1;0;0;0;0;0;0;0;0;0;0;0
20.06.2018;SFG;S;10;1;6;9;15;1;0;0;1;1;1;0;0;0;0;0;0
20.06.2018;SFG;S;10;1;6;9;20;0;0;0;0;0;0;0;0;0;0;0;0
20.06.2018;SFG;S;10;1;6;12;1;0;0;0;0;0;0;0;0;0;0;0;0
20.06.2018;SFG;S;10;1;6;12;5;0;0;0;0;0;0;0;0;0;0;0;0
20.06.2018;SFG;S;10;1;6;12;10;0;0;0;0;0;0;0;0;0;0;0;0
20.06.2018;SFG;S;10;1;6;12;15;0;0;0;0;0;0;0;0;0;0;0;0
20.06.2018;SFG;S;10;1;6;12;20;0;0;0;0;0;0;0;0;0;0;0;0
20.06.2018;PEG;S;11;2;6;1;1;0;0;0;0;0;0;0;0;0;1;1;0
20.06.2018;PEG;S;11;2;6;1;5;0;0;0;0;0;0;0;0;0;0;0;0
20.06.2018;PEG;S;11;2;6;1;10;0;0;0;0;0;0;0;0;0;0;0;0
20.06.2018;PEG;S;11;2;6;1;15;0;0;0;0;0;0;0;0;0;1;0;0
20.06.2018;PEG;S;11;2;6;1;20;0;0;0;1;1;1;0;0;0;1;0;0
20.06.2018;PEG;S;11;2;6;4;1;0;1;0;1;1;1;0;0;0;0;1;0
20.06.2018;PEG;S;11;2;6;4;5;1;1;0;0;0;0;0;0;0;0;0;0
20.06.2018;PEG;S;11;2;6;4;10;1;1;0;0;0;0;0;0;0;0;0;0
20.06.2018;PEG;S;11;2;6;4;15;1;0;0;0;0;0;0;0;0;0;0;0
20.06.2018;PEG;S;11;2;6;4;20;0;0;0;0;0;0;0;0;0;1;0;0
20.06.2018;PEG;S;11;2;6;5;1;0;0;1;1;2;2;0;0;0;0;1;0
20.06.2018;PEG;S;11;2;6;5;5;1;0;0;0;0;0;0;0;0;0;0;0
20.06.2018;PEG;S;11;2;6;5;10;1;1;0;0;0;0;0;0;0;0;0;0
20.06.2018;PEG;S;11;2;6;5;15;1;0;0;0;0;0;0;0;0;0;0;0
20.06.2018;PEG;S;11;2;6;5;20;0;1;0;1;1;1;0;0;0;0;0;0
20.06.2018;PEG;S;11;2;6;8;1;0;1;0;1;1;1;0;0;0;0;0;0
20.06.2018;PEG;S;11;2;6;8;5;1;1;0;1;1;1;0;0;0;0;0;0
20.06.2018;PEG;S;11;2;6;8;10;1;0;0;0;0;0;0;0;0;0;0;0
20.06.2018;PEG;S;11;2;6;8;15;1;0;0;0;0;0;0;0;0;0;0;0
20.06.2018;PEG;S;11;2;6;8;20;0;0;0;1;1;1;0;0;0;0;0;0
20.06.2018;PEG;S;11;2;6;9;1;0;1;0;0;0;0;0;0;0;0;0;0
20.06.2018;PEG;S;11;2;6;9;5;1;0;0;1;1;1;0;0;0;0;0;0
20.06.2018;PEG;S;11;2;6;9;10;1;1;0;1;1;1;0;0;0;0;0;0
20.06.2018;PEG;S;11;2;6;9;15;1;1;1;1;2;2;0;0;0;0;0;0
20.06.2018;PEG;S;11;2;6;9;20;0;0;0;0;0;0;0;0;0;0;0;0
20.06.2018;PEG;S;11;2;6;12;1;0;1;0;1;1;1;0;0;0;0;0;0
20.06.2018;PEG;S;11;2;6;12;5;0;0;0;1;1;1;0;0;0;0;0;0
20.06.2018;PEG;S;11;2;6;12;10;0;1;0;1;1;1;0;0;0;0;0;0
20.06.2018;PEG;S;11;2;6;12;15;0;0;0;0;0;0;0;0;0;0;0;0
20.06.2018;PEG;S;11;2;6;12;20;0;1;0;1;1;1;0;0;0;0;0;0
20.06.2018;NF;S;12;2;7;1;1;0;0;0;1;1;1;0;0;0;0;0;0
20.06.2018;NF;S;12;2;7;1;5;0;0;0;1;1;1;0;0;0;0;0;0
20.06.2018;NF;S;12;2;7;1;10;0;1;0;0;0;0;0;0;0;0;0;0
20.06.2018;NF;S;12;2;7;1;15;0;0;0;0;0;0;0;0;0;0;0;0
20.06.2018;NF;S;12;2;7;1;20;0;0;0;1;1;1;0;0;0;1;0;1
20.06.2018;NF;S;12;2;7;4;1;0;0;0;0;0;0;0;0;0;0;0;0
20.06.2018;NF;S;12;2;7;4;5;1;0;0;0;0;0;0;0;0;0;0;0
20.06.2018;NF;S;12;2;7;4;10;1;0;0;0;0;0;0;0;0;0;0;0
20.06.2018;NF;S;12;2;7;4;15;1;0;0;0;0;0;0;0;0;1;0;1
20.06.2018;NF;S;12;2;7;4;20;0;1;0;0;0;0;0;0;0;1;0;1
20.06.2018;NF;S;12;2;7;5;1;0;0;0;1;1;1;0;0;0;0;0;0
20.06.2018;NF;S;12;2;7;5;5;1;0;0;0;0;0;0;0;0;0;0;0
20.06.2018;NF;S;12;2;7;5;10;1;0;0;0;0;0;0;0;0;0;0;0
20.06.2018;NF;S;12;2;7;5;15;1;0;0;0;0;0;0;0;0;0;0;0
20.06.2018;NF;S;12;2;7;5;20;0;0;1;1;2;2;0;0;0;0;0;0
20.06.2018;NF;S;12;2;7;8;1;0;0;0;1;1;1;0;0;0;0;0;0
20.06.2018;NF;S;12;2;7;8;5;1;0;0;0;0;0;0;0;0;1;0;0
20.06.2018;NF;S;12;2;7;8;10;1;0;0;1;1;1;0;0;0;0;0;0
20.06.2018;NF;S;12;2;7;8;15;1;0;0;0;0;0;0;0;0;0;0;0
20.06.2018;NF;S;12;2;7;8;20;0;0;0;1;1;1;0;0;0;0;0;0
20.06.2018;NF;S;12;2;7;9;1;0;1;0;1;1;1;0;0;0;0;0;1
20.06.2018;NF;S;12;2;7;9;5;1;1;0;0;0;0;0;0;0;0;0;0
20.06.2018;NF;S;12;2;7;9;10;1;0;0;0;0;0;0;0;0;0;0;0
20.06.2018;NF;S;12;2;7;9;15;1;0;0;1;1;1;0;0;0;0;0;1
20.06.2018;NF;S;12;2;7;9;20;0;0;0;1;1;1;0;0;0;0;0;0
20.06.2018;NF;S;12;2;7;12;1;0;0;0;1;1;1;0;0;0;0;0;0
20.06.2018;NF;S;12;2;7;12;5;0;0;0;1;1;1;0;0;0;0;0;0
20.06.2018;NF;S;12;2;7;12;10;0;0;0;1;1;1;0;0;0;1;1;1
20.06.2018;NF;S;12;2;7;12;15;0;0;0;1;1;1;0;0;0;0;0;0
20.06.2018;NF;S;12;2;7;12;20;0;1;0;1;1;1;0;0;0;0;0;0
20.06.2018;PEB;S;13;2;5;1;1;0;1;0;0;0;0;0;0;0;0;0;0
20.06.2018;PEB;S;13;2;5;1;5;0;1;0;1;1;1;0;0;0;0;0;0
20.06.2018;PEB;S;13;2;5;1;10;0;0;0;0;0;0;0;0;0;0;0;0
20.06.2018;PEB;S;13;2;5;1;15;0;0;0;0;0;0;0;0;0;0;0;0
20.06.2018;PEB;S;13;2;5;1;20;0;1;0;0;0;0;0;0;0;1;0;0
20.06.2018;PEB;S;13;2;5;4;1;0;0;0;0;0;0;0;0;0;0;0;0
20.06.2018;PEB;S;13;2;5;4;5;1;0;0;0;0;0;0;0;0;0;0;0
20.06.2018;PEB;S;13;2;5;4;10;1;0;0;1;1;1;0;0;0;0;0;0
20.06.2018;PEB;S;13;2;5;4;15;1;0;0;0;0;0;0;0;0;0;1;0
20.06.2018;PEB;S;13;2;5;4;20;0;1;0;0;0;0;0;0;0;0;0;0
20.06.2018;PEB;S;13;2;5;5;1;0;0;0;0;0;0;0;0;0;0;0;0
20.06.2018;PEB;S;13;2;5;5;5;1;0;0;0;0;0;0;0;0;0;1;0
20.06.2018;PEB;S;13;2;5;5;10;1;0;0;0;0;0;0;0;0;0;0;0
20.06.2018;PEB;S;13;2;5;5;15;1;0;0;0;0;0;0;0;0;0;0;0
20.06.2018;PEB;S;13;2;5;5;20;0;0;0;0;0;0;0;0;0;0;0;0
20.06.2018;PEB;S;13;2;5;8;1;0;1;0;0;0;0;0;0;0;0;0;0
20.06.2018;PEB;S;13;2;5;8;5;1;1;0;0;0;0;0;0;0;0;0;0
20.06.2018;PEB;S;13;2;5;8;10;1;0;0;0;0;0;0;0;0;0;0;0
20.06.2018;PEB;S;13;2;5;8;15;1;0;0;0;0;0;0;0;0;0;0;0
20.06.2018;PEB;S;13;2;5;8;20;0;0;0;1;1;1;0;0;0;0;0;0
20.06.2018;PEB;S;13;2;5;9;1;0;0;0;1;1;1;0;0;0;0;0;0
20.06.2018;PEB;S;13;2;5;9;5;1;0;0;0;0;0;0;0;0;0;0;0
20.06.2018;PEB;S;13;2;5;9;10;1;0;0;0;0;0;0;0;0;0;0;0
20.06.2018;PEB;S;13;2;5;9;15;1;0;0;1;1;1;0;0;0;0;0;0
20.06.2018;PEB;S;13;2;5;9;20;0;0;0;1;1;1;0;0;0;0;0;0
20.06.2018;PEB;S;13;2;5;12;1;0;0;0;0;0;0;0;0;0;0;0;0
20.06.2018;PEB;S;13;2;5;12;5;0;0;0;1;1;1;0;0;0;0;0;0
20.06.2018;PEB;S;13;2;5;12;10;0;0;0;1;1;1;0;0;0;0;0;0
20.06.2018;PEB;S;13;2;5;12;15;0;0;0;0;0;0;0;0;0;0;0;0
20.06.2018;PEB;S;13;2;5;12;20;0;0;0;0;0;0;0;0;0;0;0;0
20.06.2018;SFB;S;14;1;7;1;1;0;0;0;0;0;0;0;0;0;0;0;0
20.06.2018;SFB;S;14;1;7;1;5;0;0;0;0;0;0;0;0;0;0;0;0
20.06.2018;SFB;S;14;1;7;1;10;0;0;0;0;0;0;0;0;0;0;0;0
20.06.2018;SFB;S;14;1;7;1;15;0;0;0;1;1;1;0;0;0;1;0;0
20.06.2018;SFB;S;14;1;7;1;20;0;0;0;1;1;1;0;0;0;0;0;0
20.06.2018;SFB;S;14;1;7;4;1;0;0;0;0;0;0;0;0;0;0;0;0
20.06.2018;SFB;S;14;1;7;4;5;1;0;0;0;0;0;0;0;0;0;0;0
20.06.2018;SFB;S;14;1;7;4;10;1;0;0;0;0;0;0;0;0;0;0;0
20.06.2018;SFB;S;14;1;7;4;15;1;0;0;0;0;0;0;0;0;0;0;0
20.06.2018;SFB;S;14;1;7;4;20;0;0;0;0;0;0;0;0;0;0;0;0
20.06.2018;SFB;S;14;1;7;5;1;0;0;0;0;0;0;0;0;0;0;0;0
20.06.2018;SFB;S;14;1;7;5;5;1;0;0;0;0;0;0;0;0;0;0;0
20.06.2018;SFB;S;14;1;7;5;10;1;0;0;0;0;0;0;0;0;0;0;0
20.06.2018;SFB;S;14;1;7;5;15;1;0;0;0;0;0;0;0;0;0;0;0
20.06.2018;SFB;S;14;1;7;5;20;0;0;0;0;0;0;0;0;0;0;0;0
20.06.2018;SFB;S;14;1;7;8;1;0;0;0;0;0;0;0;0;0;0;0;0
20.06.2018;SFB;S;14;1;7;8;5;1;0;0;0;0;0;0;0;0;0;0;0
20.06.2018;SFB;S;14;1;7;8;10;1;0;0;0;0;0;0;0;0;0;0;0
20.06.2018;SFB;S;14;1;7;8;15;1;0;0;0;0;0;0;0;0;0;0;0
20.06.2018;SFB;S;14;1;7;8;20;0;0;0;0;0;0;0;0;0;0;0;0
20.06.2018;SFB;S;14;1;7;9;1;0;0;0;0;0;0;0;0;0;0;0;0
20.06.2018;SFB;S;14;1;7;9;5;1;0;0;0;0;0;0;0;0;0;0;0
20.06.2018;SFB;S;14;1;7;9;10;1;0;0;0;0;0;0;0;0;0;0;0
20.06.2018;SFB;S;14;1;7;9;15;1;0;0;1;1;1;0;0;0;0;0;0
20.06.2018;SFB;S;14;1;7;9;20;0;0;0;0;0;0;0;0;0;0;0;0
20.06.2018;SFB;S;14;1;7;12;1;0;0;0;0;0;0;0;0;0;0;0;0
20.06.2018;SFB;S;14;1;7;12;5;0;0;0;0;0;0;0;0;0;0;0;0
20.06.2018;SFB;S;14;1;7;12;10;0;0;0;0;0;0;0;0;0;0;0;0
20.06.2018;SFB;S;14;1;7;12;15;0;0;0;0;0;0;0;0;0;0;0;0
20.06.2018;SFB;S;14;1;7;12;20;0;0;1;0;1;1;0;0;0;0;0;0
20.06.2018;SFG;M;15;2;3;1;1;0;0;0;0;0;0;0;0;0;0;0;0
20.06.2018;SFG;M;15;2;3;1;5;0;0;0;0;0;0;0;0;0;0;0;0
20.06.2018;SFG;M;15;2;3;1;10;0;0;0;1;1;1;0;0;0;0;1;0
20.06.2018;SFG;M;15;2;3;1;15;0;0;0;1;1;1;0;0;0;0;0;0
20.06.2018;SFG;M;15;2;3;1;20;0;0;0;1;1;1;0;0;0;0;0;0
20.06.2018;SFG;M;15;2;3;4;1;0;0;0;0;0;0;0;0;0;0;0;0
20.06.2018;SFG;M;15;2;3;4;5;1;0;0;0;0;0;0;0;0;0;0;0
20.06.2018;SFG;M;15;2;3;4;10;1;0;0;0;0;0;0;0;0;0;0;0
20.06.2018;SFG;M;15;2;3;4;15;1;0;0;0;0;0;0;0;0;0;0;0
20.06.2018;SFG;M;15;2;3;4;20;0;0;0;0;0;0;0;0;0;0;0;0
20.06.2018;SFG;M;15;2;3;5;1;0;0;0;0;0;0;0;0;0;0;0;0
20.06.2018;SFG;M;15;2;3;5;5;1;0;0;0;0;0;0;0;0;0;0;0
20.06.2018;SFG;M;15;2;3;5;10;1;0;0;0;0;0;0;0;0;0;0;0
20.06.2018;SFG;M;15;2;3;5;15;1;0;0;0;0;0;0;0;0;0;0;0
20.06.2018;SFG;M;15;2;3;5;20;0;0;0;0;0;0;0;0;0;0;0;0
20.06.2018;SFG;M;15;2;3;8;1;0;0;0;0;0;0;0;0;0;0;1;0
20.06.2018;SFG;M;15;2;3;8;5;1;1;0;0;0;0;0;0;0;0;0;0
20.06.2018;SFG;M;15;2;3;8;10;1;0;0;0;0;0;0;0;0;0;0;0
20.06.2018;SFG;M;15;2;3;8;15;1;0;0;1;1;1;0;0;0;0;0;0
20.06.2018;SFG;M;15;2;3;8;20;0;0;0;1;1;1;0;0;0;0;0;0
20.06.2018;SFG;M;15;2;3;9;1;0;0;0;0;0;0;0;0;0;0;0;0
20.06.2018;SFG;M;15;2;3;9;5;1;0;0;1;1;1;0;0;0;0;0;0
20.06.2018;SFG;M;15;2;3;9;10;1;0;0;0;0;0;0;0;0;0;0;0
20.06.2018;SFG;M;15;2;3;9;15;1;0;0;0;0;0;0;0;0;1;0;0
20.06.2018;SFG;M;15;2;3;9;20;0;0;0;0;0;0;0;0;0;0;0;0
20.06.2018;SFG;M;15;2;3;12;1;0;0;0;1;1;1;0;0;0;0;0;0
20.06.2018;SFG;M;15;2;3;12;5;0;0;0;0;0;0;0;0;0;0;0;0
20.06.2018;SFG;M;15;2;3;12;10;0;0;0;1;1;1;0;0;0;0;0;0
20.06.2018;SFG;M;15;2;3;12;15;0;0;0;0;0;0;0;0;0;0;0;0
20.06.2018;SFG;M;15;2;3;12;20;0;0;0;0;0;0;0;0;0;0;0;0
